;full_text
49;arbani ga yang sepenuhnya fail juga memerankan dilan dewasa tapi ya dilan yang diperankan iqbaal buat kami masih lebih mengena dialog gestur dan celetukan konyol khas dilan berasa lebih hidup dipresentasi lewat intonasi ekspresi versi iqbaal ketimbang versi arbani
1;meski agak lama ya panasnya alienoid part 2 return to the future menurut kami adalah sajian film action yang solid keabsurdannya yang di luar nalar dan actionnya yang fantastis kami rasa film ini bakalan sayang banget untuk dilewatkan
337;buat kalian yang pengen liat review tontonan kami di sepanjang tahun 2023 silakan cek thread berikut ini atau klik gt wmidreview
148;karakter madame web sendiri bakal jadi salah satu core atau karakter penting karena nantinya bakal munghubungkan spider-people satu dengan yang lain di ranah yang lebih besar madame web ini ngasih gambaran baru soal spider-people dan cerita kekuatan laba-laba yang ga itu itu
496;susah buat ga senyam senyum liat performa akting iman vellani sebagai si bungsu yang malu-malu ketemu kakak idolanya ngeliat kekompakan trio marvels ini rasanya jiwa-nya ada di kamala dia yang nyatuin pribadi mereka ber-3 higher futher faster together baby
177;satu persatu petunjuk dikasih ke penonton layer demi layer sifat asli karakter dikupas dan si mahkluk tersebut yang jadi jangkar dari semuanya baghead bisa dibilang adalah film horor yang bukan fokus pada ekspansi cerita tapi lebih menunjukan detail-detail karakternya
275;well buat yang udah khatam sama komiknya film ini menyajikan hubungan sebab-akibat antara siksa neraka dan dosa semasa hidupnya dengan cukup akurat silakan saksikan kembali komiknya dalam bentuk film
98;dan tentu saja bukan film dennis villeneuve kalau ga ada plot twist yang mengejutkan ada dua kejadian yang bikin satu bioskop tercengang 1 pas karakter rahasia muncul dan berbicara 2 pas tahu background dari karakter itu dan anu bener-bener
262;patrick wilson si bapak bapak conjuring mengalami transformasi yang bikin clap your hand moment di paruh awal film ini menyenangkan melihatnya lagi meskipun char development dia dari yg pertama ke yang kedua ini kerasa lebih sat set sat set
524;gadis kretek 2023 rating pak jokoooo 10
341;yang cukup bikin seru dari film ghibli terbaru kali ini adalah cukup banyak hal yang memancing kita para penonton untuk menduga-duga tentang apa yang sebenarnya terjadi berasa dipaksa berteori macem-macem tentang cerita dan visual yang coba disajikan miyazaki kali ini
8;memang ga salah sih film ini langsung ngeclaim predikat film action blockbuster korea tahun ini meskipun 2024 baru saja dimulai karena memang porsi aksinya segede ituuuu asli sih seru banget ya mana aksinya tu nyampur-nyampur antara bela diri yang bisa terbang-terbang
296;oke berikut review kami untuk malam para jahanam 2023 wmidreview
280;buat kalian yang pengen liat review tontonan kami di sepanjang tahun 2023 silakan cek thread berikut ini atau klik gt wmidreview
5;alienoid part 2 memperkenalkan banyak karakter baru yang nantinya akan menjadi kunci penting untuk persiapan melawan final boss kemunculan mereka membuka banyak rahasia dari film sebelumnya sambil menampar kita dengan plot twist plot twist yang bombastis
119;chemistry antara aghniny haque dan djenar maesa ayu sebagai ibu dan anak pun bagus kami bisa ikut merasakan kehilangan yang teramat dan chemistry itu pun masih kebawa hingga penghujung film akting nangisnya bikin pengen meluk erat aghniny
385;buat kalian yang pengen liat review tontonan kami di sepanjang tahun 2023 silakan cek thread berikut ini atau klik gt wmidreview
76;film yang diangkat dari drama radio era 80-an ini tentu membuat penasaran gimana sih teror audial jika dibuat juga bentuk visualnya
199;gak nyangka juga kalau para supporting cast seperti tissa biani indah permatasari arief didu sampai bukie b mansyur juga memberikan akting yang cakep nan natural
373;film ini bakal asyik ditonton bareng keluarga karena masuk banget untuk semua kalangan umur kami pun jadi ikut excited untuk menunggu film-film dari idn pictures yang terus menerus mengeksplorasi macam-macam genre tanpa harus selalu mengikuti template selera pasar
541;chemistry jung so-min sebagai hong nara dan kang ha-neul sebagai noh jung-yeol yang digambarkan memiliki love hate relationship pun ciamik akting kang ha-neul yang perlu menampilkan dua pribadi yang berbeda patut diberikan applause selain itu terdapat salah satu karakter yang
327;sebagai film musikal wonka banyak menghadirkan lagu amp tarian yang sangat entertaining sebut saja a world of your own yang dibawakan wonka - timoth e chalamet you ve never had chocolate like this yang dinyanyikan para villain lagu gosok-gosok dan masih banyak lagi ga
288;djenar maesa ayu marni dan aghniny haque dira pun yang diceritain sebagai adik kakak kami melihatnya malah lebih seperti ibu dan anak
17;tak ketinggalan teuki rifnu wikana yang surprisingly ngasih elemen komedi di filmnya dan beliau aktingnya berasa effortless wkwk dan sang karakter utama maudy efrosina mainnya bagus banget di sini harus liat sendiri gimana kerennya doi di sini
363;secara visual mungkin udah banyak yang melihat video promo tentang aksi napoleon kami pikir kita akan banyak mendapatkan adegan aksi yang epik seperti di film kingdom of heaven atau gladiator tapi porsinya ternyata lebih sedikit dari perkiraan
101;dari segi world building dune part two juga ngasih kita perspektif yang jauh lebih dalam kita diperlihatkan harkonenn dengan detail apa itu way of the desert yang dilakukan oleh fremen hingga detail konspirasi yang dibuat oleh para benne gesserit ceritanya flawless
368;iseng cek imdbnya ridley scott sudah 139x jadi produser film dan 52x jadi sutradara film sekarang ridley scott kembali menunjukan kepiawaiannya membuat film epik di napoleon
477;penggunaan metode rashomon effect di film ini akan membuat kita sebagai penonton terus diajak bertanya-tanya tentang apa yang sedang terjadi dan apa yang akan terjadi selanjutnya
353;ya seandainya ni film dari awal di-treatment sebagai horor komedi kayanya bakal lebih works masalahnya ni film dari niatnya keliatan pengen jadi horor yang beneran serem tapi eksekusinya waduh semua
424;gampang cuan 2023 rating layangan nyambung 10
11;oke berikut review kami untuk alienoid return to the future 2024 wmidreview
430;yang pengen kami highlight di sini adalah chemistry karakter vino dan anya yang terasa sangat asik vino yang teu asa-asa ngadegungkeun anya di sebuah adegan serta berpuluh-puluh adegan caci maki antara mereka berdua bikin mereka terasa believable sebagai kakak adik
357;film ini berlatar di thailand selatan jadi cukup banyak terinfluence bahasa melayu dan nuansa islaminya buat yang pernah nonton film horor malaysia nah persis kek gitu tapi bahasa thai-nya tetep mendominasi
535;oke berikut review kami untuk gadis kretek 2023 wmidreview
471;akting dari aktor utama sampai figuran semua berakting luar biasa terutama soya kurokawa dan hinata hiiragi dua aktor muda yang menjadi pemeran utama di film ini aktingnya bagus banget kemampuan kore-eda dalam nge-direct aktor-aktor muda emang ga perlu diragukan
423;buat kalian yang pengen liat review tontonan kami di sepanjang tahun 2023 silakan cek thread berikut ini atau klik gt wmidreview
458;lucy gray bukanlah simbol pemberontakan seperti katniss dia juga diberikan porsi yang tidak sebesar katniss di original triloginya sekali lagi film ini lebih fokus ke snow
229;oke berikut review kami untuk argylle 2024 wmidreview
303;untuk genre film keluarga plot filmnya bisa dibilang progresif layer ceritanya banyak dan jauh dari kata membosankan penonton dikasih banyak drama yang ringan dan sangat menghibur mulai dari ikutan jadi detektif sampai ketemu sule andre dan mcgaiver nah lho
348;sekadar info di awal kami menonton film ini bulan juli lalu di jepang
95;dune part two 2024 rating sepupu 10
390;ngomongin adegan brutal ga cuma brutal tapi juga ngagetin ni film punya adegan bunuh-bunuhan yang muncul dengan timing yang tak terduga wkwkwk bikin sebel tapi udahnya ngerasa lucu juga ya lucu sendiri adegan sabet tusuk tembak dll-nya bermunculan secara tidak terduga
317;oke berikut review kami untuk la luna 2023 wmidreview
73;kenapa begitu karena film horor campy ini penuh dengan kekonyolan di sana-sini tapi pas lagi konyol-konyolnya lu dikagetin sampe-sampe bingung mau teriak apa ketawa pokoknya campur aduk deh rasanya
154;akhir kata dream scenario is one of the best nicolas cage s work and we recommend to see it in theaters di indonesia hanya tayang di cgv cinepolis flix
516;beberapa karakter utama di film ini punya desain karakter yang cukup menarik bu prani yang diperankan oleh sha ine febriyanti dan muklas yang diperankan oleh angga yunanda jelas yang menurut kami paling jadi sorotan di film ini
438;past lives 2023 rating what if 10
349;oke berikut review kami untuk the boy and the heron 2023 wmidreview
356;secara cerita gimana hmm ya intinya semua berasa diskonek adegan satu sama lain dari awal sampe akhir momen di ending yang harusnya bikin wow malah berasa b aja lewat cara nge-revealnya yang gagal wkwkw
513;pesan tentang hati-hati dalam berinternet terlihat sangat jelas dan lugas disampaikan oleh film ini pokoknya kelar nonton bawaannya ya beneran ga gampang buru-buru ngejudge tentang info apapun yang kalian terima di social media iya beneran jadi media pengingat yang baik
250;tahun ini illumination kembali dengan film animasi mereka yang berjudul migration sambil ditemani short movie presentation yang hadir sebelum filmnya yang berjudul mooned
34;premisnya sekilas terlihat sederhana namun film ini berhasil meramunya menjadi kisah persahabatan dan pencarian jati diri yang cukup kompleks kompleksitas ini juga didukung dengan penulisan karakter-karakternya yang apik naik turun perkembangan karakternya tu bener-bener tak
12;pemukiman setan 2024 rating bacot 10
464;duo pemeran utama di film ini adalah coriolanus snow tom blyth sebagai mentor dan lucy gray baird rachel zegler sebagai tribute yang bertarung di arena hunger games
75;hal pertama yang bisa bikin kami takjub dari film ini adalah set productionnya nuansa tahun 70- 80an yang dihadirkan di sepanjang film cukup on point dan bener-bener kerasa jadulnya meski tetep aja ada yang miss tapi sangat sangat minor
517;satu hal yang kami ga nyangka dari film panjang terbaru dari wregas bhanuteja ini adalah ternyata budi pekerti ini banyak selipan komedinya di balik kisah getir yang coba disajikan film ini mampu menyelipkan dialog dan adegan yang lucu
87;karena scene nya banyak di kolam renang yg which is main air kami pun cukup breathe-in breathe-out sepanjang nonton filmnya apalagi kalo udah scene di dalem air malem2 pula berikut ada hantunya lengkap sudah parnonya apalagi pas bagian main game marco polo di kolam renang
58;ngomongin akting kayanya cuma lutesha di film ini yang terasa hidup meski lutesha dan ardhito blas sama sekali ga believable sebagai karakter sepasang kekasih tapi ntah gimana caranya lutesha tetep bisa bikin kararternya segitu punya nyawa nya salut
59;masih soal dialog buat kami yang awam beraneka macam istilah crypto yang disebukan di film ini terasa cukup membingungkan untuk didengarkan terutama tanpa adanya subtitle ga sekali dua kali kami bergumam hah itu barusan tadi ngomong apaan
376;kemunculan cameo-cameo dari anggota asli srimulat juga semakin seru di sini momen-momennya lebih gerrr dan banyak memancing riuh tepuk tangan di press screening kemarin sungguh sebuah pengalaman menonton yang mengasyikkan
309;dibikin kesal dengan villain yang menggunakan agama untuk berdalih dibikin ketawa dengan lawakan yang ga terduga serta dibikin terharu dengan relationship orang tua-anak pada akhirnya la luna adalah film yang tak hanya sangat menyenangkan tapi kami rasa penting untuk
181;oke berikut review kami untuk film baghead 2024 wmidreview
330;fun fact sebelum timothee chalamet wonka sempat diperankan oleh dengan gene wilder dan juga johnny depp pada reboot filmnya di tahun 2005 film rebootnya sendiri sepertinya cukup familiar ya dengan kita-kita karena sering ditayangkan setiap libur akhir tahun jadi sepertinya
157;kami juga kaget rupanya ada michael cera yang main di sini tapi tetap overshadowed oleh nicolas cage yang menjadi power utama di film ini peak awkward comedy
79;night swim 2024 rating you re supposed to say polo 10
457;namun rachel zegler cukup sukses memerankan lucy gray yang jago bernyanyi dan menjadi salah satu unsur utama dalam motivasi snow melakukan tindakan-tindakannya dalam film ini
149;secara cerita sebenarnya cukup menarik since madame web yang dikenal dari komik selama ini taunya udah berusia tua nah di film ini kita diceritain dari awal mula sampai proses bagaimana seorang cassie menjadi madame web
343;satu hal yang cukup mengejutkan dari film ini adalah adanya ad placement berupa cokelat merk meiji wkwkwk ya kami beranggapan mungkin film ini juga berlatarkan masa showa di saat jepang melakukan persiapan perang jadi masih bisa masuk secara garis waktu
502;berjeda cukup lama dari film mcu terakhir gotg vol 3 mei 2023 akhirnya the marvels tayang juga di bioskop timeline-nya yang membuat doi tayang november bikin the marvels ini jadi film mcu terakhir yang rilis di tahun 2023
70;kalo dari acting sih menurut kami yang menonjol cuma duo cegil ibu dan anak rahayu wulan guritno dan rara carmela van der kruk kalo sisanya yaaa canggung canggung oke lah meskipun chemistry tiap karakter gak terlalu kebentuk dan untuk logat bahasanya pun nice
539;sebagai sebuah sajian romcom dengan berbagai macam hal janggal yang menyertainya sebenernya masih sangat bisa tertutupi oleh komedi komedinya yang muncul terus sampe akhir filmnya bahkan sampe credit scene
153;dream scenario 2024 rating dreamfluencer 10
204;fyi agak laen adalah film ketiga dari imajinari yang sebelumnya sudah sukses dengan ngeri-ngeri sedap dan jatuh cinta seperti di film-film wajar rasanya kalau penonton punya ekspektasi yang tinggi terhadap agak laen karena dua film sebelumnya terbilang sukses
254;sebagai film terakhir dari dceu aquaman and the lost kingdom mungkin bukan sajian yang menutup list dengan sempurna amp tidak merayakan bubarnya dceu tapi setidaknya masih menjadi sajian yang menyenangkan selayaknya aquaman yang pertama ada 1 mid credit scene
393;anjir ini kayanya ada yang ga beres deh nah feel ketar-ketir itu yang bakal kalian rasain di paruh awal film thanksgiving ini sebuah sensasi yang anjir bener deh jadi pastiin jangan melewatkan berbagai adegan brutal bikin ngilu tapi ikonik ini di awal film
482;sekadar info di awal kami menonton film ini di hari pertama pemutarannya di jepang
145;pun cara film ini dalam bercerita pun harus kami akui kurang engaging cukup banyak adegan yang kayanya semacam bisa di-skip dan diganti dengan adegan lain yang mungkin bisa lebih meng-elevate koneksi dan bonding antar karakter yang terlibat
312;detail film ini dalam bercerita juga terus-terusan bikin kami kaget banyak banget adegan yang kami kira cuma lucu-lucuan ternyata dipakai lagi di belakang rasanya tidak berlebihan jika kami bilang naskah film ini sangat matang
174;durasi baghead sekitar 1 5 jam dan karena kebetulan yang nonton adalah admin kami yang ga suka horor sepanjang film pengen nangis buat keluar visualnya cakep sound design mantep ambience dan lorenya dalem dan kelakukan si itu bikin kaga tahan pengen segera keluar
432;film ini punya rangkaian cerita yang menarik serta membawa elemen komedi yang meski kerasa hit n miss di beberapa bagian tapi masih sangat efektif dalam urusan memancing tawa susah buat ga ketawa dengan berbagai macam kata dan celetukan random di sepanjang film
241;oke berikut review kami untuk kereta berdarah 2024 wmidreview
466;film about teenagers brutally murder each other is back setelah 8 tahun dari mockingjay part 2 yang rilis 2015 akhirnya film dari universe the hunger games balik lagi ke layar lebar
318;buat kalian yang pengen liat review tontonan kami di sepanjang tahun 2023 silakan cek thread berikut ini atau klik gt wmidreview
326;beberapa lagu yang sebelumnya hadir di film originalnya juga dinyanyikan kembali dalam prequel ini seperti lagu pure imagination yang cukup melekat pada film originalnya nostalgic
69;entah sengaja apa nggak tapi kami rasa film ini nyempilin beberapa easter eggs di scene-scenenya mulai dari selipan konten film2 horror populer sampe teori2 liar dari menfess yang saking ajaib teorinya sampe bikin melongo dan bikin ngakak
160;sesuai dengan tagline film ini meet the man of your dreams dream scenario berkisah tentang paul matthews nicolas cage seorang dosen biologi yang secara random muncul di dalam mimpi orang-orang
264;aquaman and the lost kingdom bercerita tentang kehidupan arthur curry setelah menikah dan punya anak perlu nonton yang pertama pastinya kalaupun udah nonton rasanya perlu rewatch meskipun di film ini akan ada sedikit banyak flashback
443;suka bagaimana film ini mampu bermain dengan moment of silence penonton diajak buat bisa merasakan adegan hening penuh arti lengkap dengan shot-shot cantik yang menyertai ga perlu dialog ina inu untuk bisa mengerti dan membaca pikiran karakter ketika momen ini seliweran
140;akhir kata madame web ini merupakan film bertema superhero mengisahkan sebuah origin berlatar tahun 2000-an yang segala aspek teknis segala macemnya mengikuti persis tahun di era segitu oh ya ga ada credit scene ya jadi ga perlu nunggu credit roll sampe mentok banget
463;bersetting waktu 64 tahun sebelum film pertamanya film ini menceritakan tentang origin story dari villain utama dari original trilogi the hunger games yaitu coriolanus snow
274;dari segi cerita sebenernya bisa kami bilang semua bagiannya penting untuk membangun alurnya tapi entah kenapa kami ngerasa agak dragging dan sampe beberapa kali ngebatin kok gak kelar-kelar si
425;pada akhirnya kalo bisa mengabaikan dialog sunda-nya yang kureng-- film gampang cuan merupakan sajian drama komedi yang surprisingly digarap dengan baik chemistry karakternya oke ceritanya seru komedinya menghibur amp drama keluarganya cukup menohok rekomendid
266;buat kalian yang pengen liat review tontonan kami di sepanjang tahun 2023 silakan cek thread berikut ini atau klik gt wmidreview
415;banyak karakter baru yang muncul dengan suka-suka bahkan di film ke-3 ini ada camila cabello amp troye sivan bergabung menjadi salah satu pengisi suara
501;sebelum masuk review kami pengen flashback dikit perihal 3 karakter utama the marvels ini the marvels ini siapa aja ada captain marvel captain rambeu dan ms marvel 1 udah kita kenal dari film sedangkan 2 lainnya utamanya dari series iya dari sini aja udah tricky
454;durasi film yang lama menjadikan world building universe hunger games menjadi lebih dalam sehingga negara panem dan aspek-aspek masyarakatnya disajikan secara lebih luas
270;dari segi akting pun pada biasa saja setidaknya akting beberapa pemeran utamanya terlihat menjanjikan sebagai sebuah keluarga tapi chemistry mereka sebagai sebuah keluarga inti kami gak ngerasa kedekatannya
510;sedikit tambahan tanpa ngasih spoiler kami cukup kecewa dengan penggarapan cerita untuk karakter pak didit dwi sasono dan gora omara esteghal sayang banget aja akting dan desain karakter yang udah menarik ngasih kesan yang hah buat gitu doang
366;apakah bikin film napoleon jadi jelek tidak justru sebaliknya film napoleon jadi terasa unik dan berbeda terutama di act 1 dan act 2 dan baru terasa familiaritas cerita khas ridley scott di act 3 susah jelasin rasanya intinya rasa filmnya beda tapi tetep enak ditonton
205;agak laen bercerita tentang 4 sekawan penjaga rumah hantu yang tidak sengaja membuat salah satu pengunjungnya mati ketakutan akibat sakit jantung berbagai macam ide konyol dilakukan untuk menyelesaikan masalah ini
198;ada beberapa hal yang membuat kami terkejut in a good way beberapa shot terasa sangat segar untuk genre film komedi selain itu drama yang ditampilkan pada saat klimaks juga cakep dan intense banget mengingatkan kami dengan adegan itu di film ngeri-ngeri sedap
316;sebagai seseorang yang berada dalam ruang lingkup keluarga yang sangat agamis-- la luna adalah film yang benar-benar kami tunggu film ini dengan begitu lantang berteriak memvalidasi berbagai macam keresahan di pikiran-- yang ketika tumbuh besar sering melihat agama digunakan
191;oke berikut review kami untuk pasutri gaje 2024 wmidreview
193;di balik beberapa hal yang mengganjal tadi agak laen jelas film komedi yang asik bener komedinya penonton dijamin akan terhibur tidak hanya dari plot cerita yang unik jokesnya yang ngehe tapi juga dari kelakuan-kelakuan karakter yang memang terbilang agak laen rekomendid
310;secara teknis pun film ini terasa sangat matang gambarnya apik wardrobenya cakep soundnya pun sedap tapi paling berkesan editingnya sih flownya enak banget di durasi 109 menit dan tidak ada adegan yang sia-sia pemilihan lagu dan scoringnya pun detail dan presisi banget
514;angga yunanda dengan karakter muklas-nya jelas sungguh menyita perhatian dengan desan karakternya yang lucu dan unik prilly meski screen-timenya ga banyak2 amat tapi tiap nongol keliatan total total secara akting maupun dalam urusan berbahasa jawa-nya salut
134;secara umum live action-nya ini merangkum 20 episode book 1-nya avatar ke dalam 8 episode ada beberapa chapter yang kena tweak di live actionnya ini ntah itu timeline-nya digeser ataupun pengenalan beberapa karakter ikoniknya ditongolin lebih awal dari versi animasinya
271;untuk scoring pun enak dan sangat mendukung suasana ceritanya sebenernya cuma untuk closing theme songnya agak-agak gimana gitu earworm sih jujur tapi kurang bikin terenyuh untuk bikin kita jadi inget sama dosa mungkin mau dicocokin sama vibes neraka
429;cara film ini dalam bercerita juga terbilang cukup rapih dan nyaman untuk diikuti dari pengenalan berbagai macam karakter yang oke di paruh awal berpetualang dengan konflik cari cuan yang cukup seru dan paruh akhir yang wow ternyata mengharukan yaa
503;first of all wajar beberapa orang mulai ngerasa capek ngikutin mcu terutama tentang sebuah keharusan untuk ngikutin berbagai macem series atau film marvel untuk bisa catch-up dengan mcu kedepannya meskipun masih banyak juga yang stay dan bahkan optimis buat kedepannya
462;jadi di film ini tokoh utamanya justru president snow yang jadi musuh besar katniss everdeen tapi latar waktunya jauh sebelum dia jadi presiden
359;oke berikut review kami untuk the djinn s curse 2023 wmidreview
511;pun disayangkan cast yang udah memerankan tiap karakternya dengan baik jadi rada terlihat aneh dengan dialog yang ga natural beberapa kali kami ngerasa ga ada feel ngobrol dari tektokan dialog karakter di dalam frame yang sama
372;srimulat hidup memang komedi 2023 rating 10
538;pada akhirnya love reset merupakan tontonan romcom yang sangat menghibur apalagi untuk melepas penat karena filmnya memang selucu itu jangan buru-buru pulang kalau sudah selesai karena terdapat 2 mid-credit scene
305;rumah masa depan diangkat dari serial tahun 1980an berjudul sama yang jujur kita ga tahu ceritanya dimana tapi tenang aja rumah masa depan yang sekarang bisa dibilang pembaharuan dan cerita memang sangat relate dengan kehidupan sekarang
360;buat kalian yang pengen liat review tontonan kami di sepanjang tahun 2023 silakan cek thread berikut ini atau klik gt wmidreview
213;di penghujung tahun 2023 anya sekeluarga hadir menemani libur natal dan tahun baru di jepang di film kali ini kita akan odekeke bareng keluarga forger tapi setiap orang punya masalah nya masing-masing sepanjang wisata anya dengan ketengilan dan kesotoyannya loid dengan
461;snow yang masih menjadi siswa akademi capitol membuat terobosan baru yang membuat hunger games makin dinikmati masyarakat panem dari sistem mentor sampai sponsor
136;awal-awal nonton berasa kalo visual dari world buildingnya digarap baik ga banyak perubahan malah bisa dibilang nyaris pleketiplek dari versi aslinya suka banget gimana arsitektur bangunan tiap nation dan berbagai macam creature di dunia avatar divisualisasikan dengan cakep
56;pada akhirnya 13 bom di jakarta ini merupakan sebuah project action ambisius yang sayangnya ga berakhir mulus karena urusan cerita dan karakterisasi yang ga digarap dengan cukup serius tapi kalo fokusnya cuma pengen liat film action jedar jeder doang ini cukup fun kok
494;urusan action dengan konsep pindah-pindah tadi sebenernya keren banget koreografinya pun cukup asik cuma emang berasa kurang maksimal karena editing dan camera worksnya yang kurang fluid ga seasoy gotg 3 tapi tetep bisa enjoy banget liat trio marvels ini beraksi
90;kalau di film pendeknya si hantu cuma neror cewek yg renang sendiri malem2 dan ngilang di film yg berdurasi sekitar 90 menit ini yg kena teror sekeluarga
189;kombinasi sutradara fajar bustomi dan penulis alim sudio rasanya adalah formula yang tidak mungkin gagal dalam menggarap adaptasi film layar lebar apakah pasutri gaje juga demikian
460;keseluruhan film ini fokus pada perkembangan karakter snow dari masa kecilnya yang simpatetik sampai semua journey yang dia alami sehingga tumbuh menjadi villain yang kita kenal sekarang
96;intinya kalau kamu mendalami cerita dune part one kamu akan amat sangat menikmati eksplorasi karakter world building dan politik konspirasi yang ada di dune part two waktu 2 jam 46 menit itu kerasa kurang karena pacing dan plot ceritanya juara highly recommended
163;ali topan 2024 rating rebel tapi responsible 10
152;oke berikut review kami untuk madame web 2024 wmidreview
291;secara premis harusnya film ini bisa jadi film horror yang menarik sekaligus menegangkan namun sayangnya tidak diimbangi dengan penyampaian cerita yang jelas pun cara filmnya ngasih flashback pun malah jadi bikin bingung kami tidak bisa cukup merasakan kalau itu tuh dua waktu
523;buat kalian yang pengen liat review tontonan kami di sepanjang tahun 2023 silakan cek thread berikut ini atau klik gt wmidreview
257;intinya sekuel aquaman kali ini terasa lebih besar dan lebih fun cukup banyak jokes meskipun tidak 100 hit semua ke penonton dan sedikit sentuhan reference pop culture yg membuat film ini berwarna scene kecoa pecah banget
381;jadi jangan kaget karena setengah jam pertama film ini nyaris persis dengan setengah jam pertama film srimulat hil yang mustahal - babak pertama tapi setelah setengah jam film ini akan belok ke arah cerita yang jauh berbeda agak lucu sih memang perasaannya di setengah jam
388;buat yang nanya apakah ada sensor ada kami notis ada 2 adegan yang keliatan banget kena cut-nya mengganggu sejujurnya ga ganggu banget cuma ya oh dipotong intinya tau lah diapain si korbannya dan hasilnya kek gimana gitu deh
29;kurangnya film ini menurut kami cuma satu sih filmnya seperti agak kebingungan untuk menentukan endingnya jadi endingnya terasa overstrecthed bikin durasinya jadi agak kepanjangan
396;buat kalian yang pengen liat review tontonan kami di sepanjang tahun 2023 silakan cek thread berikut ini atau klik gt wmidreview
294;bercerita tentang rendi harris vriza bersama 2 orang temannya martin zoul pandjoul dan siska amel carla pergi mengantarkan jenazah kakeknya ke makam di desa bernama winongo sial desa tersebut menyimpan masa lalu yang kelam brutal dan berdarah
544;jujur sekilas melihat dari trailer dan sinopsis memang plotnya terasa sinetron banget bahkan celetukan di filmnya pun ada yg mention amp menyenggol cerita yg seperti sinetron pada umumnya tapi surprisingly selama durasi 2 jam ini sukses mengcover cerita drama tersebut
492;yang jelas cukup mencuri perhatian adalah park seo-joon sebagai prince yan dari aladna sukses jadi pemecah keriuhan studio wkwkwkw fansnya psj yang udah tau dari lama pasti bakal ngerasa adegan di aladna bakal terasa sangat disney sekali sukak
306;oke berikut review kami untuk rumah masa depan 2023 wmidreview
35;not friends adalah sebuah film sekolah coming of age yang bercerita tentang pae seorang pelajar sma yang ingin membuat film pendek untuk mengenang joe teman sebangkunya yang tiba-tiba meninggal meski tak pernah membuat film sebelumnya pae bersama kru dadakannya tetap
244;meski ceritanya cukup clich film ini mampu membuat satu bioskop tertawa karena kelakuan para karakter-karakternya yang didesain selucu dan segemesin itu ceritanya yang ga ribet komedinya yang ringan dan lucu bikin migration ini layak jadi film liburan yang menarik
530;balik lagi sensasi rasa penasaran yang disajikan persis seperti yang dialami karakter di dalam series itu sendiri kita penonton semacam diajak mengarungi rasa penasaran bersama lebas dan arum ditambah tektokan mereka berdua yang nambah gemes ngikutin kisah series ini
169;film ali topan disutradarai oleh sidharta tata yang dikenal sebagai sutradara pertaruhan the series quarantine tales dan waktu maghrib mengingat sepak terjang dan trailer dari ali topan kayanya film ali topan bakal banyak adegan action tapi setelah kita tonton
527;semua cast berakting dengan sangat baik dynamic duo dian sastro dan ario bayu jelas tampil ciamik tapi kami justru lebih pengen nge-highlight putri marino dan arya saloka beneran deh susah buat ga bisa seru liatin tektokan mereka berdua di sini love-able banget
158;plot film ini cukup absurd dan sangat menggelitik dari awal sampai akhir banyak situasi yang dialami oleh pemeran utamanya yang sukses bikin ngakak nicolas cage is effortlessly funny
147;tapi sayang eksekusinya kurang greget entah kenapa mungkin mau main aman aja sebagai film pertama pengenalan sosok madame web sepanjang nonton cukup terhibur dengan celetukan dan sempilan easter egg sana sini tapi ya selebihnya ya udah
182;pasutri gaje 2024 rating yunani 10
123;oke berikut review kami untuk pemandi jenazah 2024 wmidreview
62;ditambah kami suka banget suasana thrilling-nya bisa digarap dengan cukup baik lewat aransemen abel huray vibe-vibe mencekamnya kota jakarta ditambah visual yang redup remang2 di mana mana bikin ya kita cukup percaya jakarta lagi dilanda teror
239;punya premis yang mengangkat tema liburan film ini punya sinematografi yang ciamik keindahan alam indonesia ditampilkan begitu cantiknya kekuatan visual film ini memang cukup menonjol perihal memperlihatkan pemandangan alam-nya
279;oke berikut review kami untuk siksa neraka 2023 wmidreview
81;karena jujur menurut kami lore nya sangat menarik atau mungkin emang sengaja disimpen buat nanti dibikin sequel prequelnya kita tunggu saja
449;oke berikut review kami untuk past lives 2023 wmidreview
525;gadis kretek mampu mencengkram para penontonnya dengan cara bercerita yang cantik menyenangkan dan tak henti memberi rasa penasaran suguhan drama romance tak biasa yang disajikan secara luar biasa kandidat terkuat series lokal terbaik tahun ini highly recommended
15;selain itu kami rasa momen-momen emosional empat karakternya kurang terdeliver dengan baik dan tak terlalu mengena oh ya tambahan lain pemilihan lagu yang mengiringi pun terasa kurang menyatu dengan situasinya kurang ngeblend aja gitu
414;dari sisi cerita absurd banget memang hahaha tapi ya namanya film anak jadi ga terlalu diambil pusing komedi celetukan para karakternya tetep sukses mancing tawa banget untuk yg familiar dengan berbagai macam referensi 90an pasti cukup asik nontonnya
431;film ini punya desain karakter yang gampang bikin relate utan si sulung yang berusaha sekuat tenaga memastikan keluarganya baik2 saja bilqis si anak tengah yang pengen bantu nyari uang aji si bungsu yang pikasebeleun dan emak yang sayang sama anak2nya
322;peran rowan atkinson sebagai priest sayangnya ga terlalu banyak meskipun kemunculannya sukses bikin ngakak satu bioskop dengan formula komedinya yang khas
500;pertama captain marvel carol denvers doi muncul di film captain marvel avengers endgame dan nongol dikit tapi penting di credit scene film shang-chi and the legend of the ten rings kedua captain rambeu monica rembeu merupakan anak dari maria rambeau sahabatnya carol
137;ngomongin premis kalo kalian nonton dan ngikutin avatar the last airbender versi animasi premisnya sebenernya selalu diulang setiap sebelum episode dimulai dan di versi live actionnya ini pun sama
384;oke berikut review kami untuk srimulat hidup memang komedi 2023 wmidreview
479;biasanya kami kalo nge-review hampir selalu menyertakan video trailer di dalamnya tapi setelah menonton filmnya secara utuh intinya sebaiknya ga usah nonton trailernya dan langsung nonton filmnya aja
397;wish 2023 rating so i make this wish 10
282;overall kalo kalian suka liat zombie ala-ala lagi berantem kejar-kejaran bacok-bacokan dan peduli amat sama cerita boleh dicoba rasakan sensasi ketegangannya di bioskop iya anggep aja film zombie lokal
476;kore-eda dengan cerdasnya menggeser sudut pandang di waktu yang tepat sehingga susunan kesimpulan yang kita buat seketika roboh dan kita harus menyusun lagi kesimpulan beserta pertanyaan-pertanyaan baru
54;oke berikut review kami untuk ancika dia yang bersamaku 1995 2024 wmidreview
52;dihandle oleh tim yang berbeda reboot dilan universe kali ini cukup menimbulkan mix feeling bagi kami pribadi keputusan mengganti main cast dan beberapa supporting cast lain di 3 film yang udah dibikin sebelumnya sejujurnya bikin ganjel di sana sini saat menontonnya
112;ga banyak tapi lumayan seru presentasi horor yang disuguhkan film ini meskipun dengan jumpscare yang masih bisa ditebak tetap saja sukses bikin kami ingin berkata kasar daaan buat yang udah nonton pasti tau betapa taik nya adegan mengintip di film ini wkwkwk
313;kepiawaian sang penulis dalam menghindari censorship di malaysia juga patut kami acungi jempol meski tak terlalu subversif secara visual tetapi film ini terasa menohok secara substansi menjadikan film ini bisa dinikmati khalayak luas di bioskop
228;dari imajinasi liar matthew vaughn argylle film spy menceritkan tentang elly conway - seorang penulis best selling novel fiksi - yang ternyata mendekati kenyataan yang sedang terjadi udah segitu dulu sinopsisnya
378;mengintegrasikan sketsa komedi khas srimulat ke dalam film drama film ini menawarkan konsep bercerita yang unik dan fresh tanpa harus bergantung sepenuhnya pada eksploitasi nostalgia film ini kemudian menjadi film stand alone yang solid tapi tetap punya potensi besar untuk
269;yang setidaknya terasa believable itu hubungan tyas safira ratu sofya dan kedua ortunya bapak syakir ariyo wahab dan ibu rika astri nurdin selebihnya awkward aja sih bang saleh rizky fachrel malah kayak temen kosnya fajar kiesha alvaro dan kadang mungkin lupa kalo
286;dan ini kan ceritanya tuh roh-roh yang tiap taun keluar buat melakukan serangkaian aksi bunuh-bunuhan tapi penampilannya tuh lebih kayak zombie gesturenya juga zombie banget malah jadi ga kayak hantu pada umumnya
47;ya kesannya meskipun zee dan arbani mampu berakting menghidupkan karakter mereka masing-masing dengan baik tapi ga ada chemistry manis yang terlihat berbagai macam adegan dan dialog di film ini ga menyuport kisah romansa yang dua karakter utama ini coba bangun anyep
242;buat kalian yang pengen liat review tontonan kami di sepanjang tahun 2023 silakan cek thread berikut ini atau klik gt wmidreview
447;pernah ga sih suka dan naksir banget sama temen sd pisah sekian lama belasan tahun terus nemu momen reunian pas ketemu ngobrol panjang lebar nostalgia jaman masih kecil sampai cerita curhat kerjaan segala macem pas udah dewasa kalo iya film ini untuk kalian
445;ngomongin cerita sejujurnya ya ga istimewa premisnya yang slice-of-life banget bikin kita emang fokus diajak relate sama kisahnya-- bukan ngasih sensasi asyik seru dan menarik karena ceritanya wow bagus seru banget nggak tapi apa bikin film ini biasa aja nggak juga
258;sekali lagi pas masuk ke atlantisnya tu cginya cakep banget apalagi kalo punya kesempatan nonton di imax atau screen x sayang kualitas cgi-nya ga konsisten kadang halus kadang kureng cukup banyak adegan yang cginya keliatan belum polish dan malah jadi kaya tempelan
292;lalu setting tempat berpindah ke kota jakarta tahun 2023 ada satu adegan disini yang cukup bikin kami mengumpat dalam hati rendi nganterin jenazah kakeknya kan pake mobil jenazah nih di perjalanan salah satu temennya yg ikut nemenin martin zoul pandjoul nanya kok lama
419;di film ke 3 nya kali ini ga cuma ngulik kisah keluarganya poppy tapi bakal berfokus juga ke backstory cerita keluarganya branch yang ternyata cukup bervariasi tentu saja tanpa ninggalin sub-plot beberapa karakter lamanya seperti bridget dan king peppy
186;secara overall cerita sama tapi detil-detilnya dibuat berbeda disesuaikan untuk format film layar lebar plot cerita webtoon 1 season sebanyak 54 chapter dikompres menjadi film 109 menit menjadikan penyelesaian konfliknya terasa terlalu cepat
285;yang mungkin bisa cukup membuat kami terpesona adalah keberadaan teddy syach malik dan derry oktami bachtiar akting mereka yang solid bikin tatapan mereka cukup menggambarkan kalau mereka tuh saling benci dan ingin saling menghabisi emosinya nyampe ke penonton
478;frustasi kira-kira itu kata yang cocok untuk menggambarkan pengalaman saat menonton film ini karena kita akan kebingungan dan penasaran di sepanjang film tanpa ada jawaban yang membuat kita puas yang anehnya justru akan membuat kita semakin emosional
433;oh ya meski di trailer dialog sundanya ganggu tapi ternyata ga sepenuhnya fail di sepanjang film ga banyak-- tapi ada beberapa adegan tektokan sunda dengan feel nyunda yang ternyata lumayan masuk lho dan lucu
493;zawe ashton cukup powerfull amp keji memerankan dar-benn cuma sayang sedikit terasa flat karena desain karakternya kurang dieksplor lebih jauh ditambah paruh akhir yang berasa sinetron ngebuat karakter yang tadinya udah ngeri banget bisa kuat 1 lawan 3 jadi berasa hmmmmm
143;yaa vibe 2000an yang cukup menghibur kayanya dari lagu lagu yang cukup nostalgic aja salah satunya toxic - britney spears yang emang juga jadi salah satu plot
68;ya intinya kalo kalian butuh tontonan yang menghibur tapi butuh dikagetin juga film horor campy yang satu ini bisa dipertimbangkan buat ditonton
221;beragam aksi yang ditampilkan dengan beberapa efek cgi yang dangdutttttt argylle menyajikan adegan-adegan fantastis dan salah satunya adalah kemunculan magical scene yang sukses bikin penonton tercengang kemudian tepuk tangan dibuatnya
542;suka banget dimana penulisan penceritaan keunikan masing-masing karakter yang hadir memberikan warna untuk mengisi cerita roman yang itu-itu saja bahkan karakter dengan screen time sedikit pun bisa menghasilkan gelak tawa penonton tiap karakter punya gong-nya masing-masing
302;dari soal cast jujur kita ga nyangka kalau chemistry antara fedi nuril dan laura basuki bisa klop banget sama-sama kalem dan bikin adem sepanjang film tapi jujur ada satu bagian cerita yang bikin kita ngomong wah kayanya dia bakal jadi istri kedua si fedi nuril nih
534;gadis kretek berkisah tentang lebas yang mendadak dimintai tolong oleh ayahnya yang sedang dalam kondisi sekarat untuk mencari keberadaan dasiyah sosok penting bagi ayahnya di masa lalu mungkin itu saja yang bisa diinfokan
178;kami melihat baghead ini adalah horor yang fokus tidak banyak karakter tidak banyak tempat dan terbilang naratif penonton jadi fokus dengan cerita dan suguhan elemen-elemen horor yang ditampilkan dari awal sampai akhir kerasa disturbing dan ga nyaman apalagi tiap liat si
361;napoleon 2023 rating la france l arm e t te d arm e jos phine 10
183;akhir kata yang ga baca webtoonnya mungkin bisa menikmati filmnya tapi buat yang baca tentu saja harus siap-siap menerima berbagai macam adaptasi yang berbeda dari source materialnya
411;buat kalian yang pengen liat review tontonan kami di sepanjang tahun 2023 silakan cek thread berikut ini atau klik gt wmidreview
173;kalau boleh disimpulin baghead bisa jadi satu film horor underated yang tayang tahun ini premisnya seru karakternya unik pacing dan visualnya cakep dan ending filmnya tidak tertebak dan menarik karena mengambil jalan cerita yang itu gas nonton
546;love reset dibintangi oleh jung so-min dan kang ha-neul sebagai pasutri penuh drama rumah tangga sembari menunggu keputusan perceraian mereka kecelakaan lalu lintas membuat mereka amnesia
486;overall the marvels tetep jadi tontonan fun untuk fans superhero dan mcu terlepas dari plus - minus yang ada the marvels seolah menjadi harapan pembuka jalan ke tahap-tahap berikutnya di mcu yang lebih besar lagi exciting sehat-sehat kamala
521;oke berikut review kami untuk budi pekerti 2023 wmidreview
166;dulu ali topan si anak jalanan pernah menang penghargaan ffi 1978 dlm kategori tata musik terbaik ke-ii sekarang soundtrack film ali topan juga banyak pake musik dari band-band yahud mulai dari morfem rumah sakit for revenge dan masih banyak lg
404;untuk lagu yang jadi personal favorit kami jelas welcome to rosas sumpah nempel banget ini lagu
212;110 menit rasanya lewat gitu aja gak kerasa saking seru dan lucunya film ini macam-macam ekspresi tingkah dan ceplas ceplos si bocil kematian tentunya bakal banyak ditemuin di sepanjang film banyak juga scene-scene lucu yang bikin padet banget ketawa dari awal sampe akhir
167;dramanya pun ga jelek sebenarnya cuman berbeda dari ekspektasi kami dari film-film sidharta tata ada banyak sub-plot yang dipakai di film ali topan walaupun ujungnya semua bermuara ke street romance antara jefri nichol dan lutesha yang emang jadi focal point film ali topan
194;perasaan dihujani sketsa komedi ini pula lah yang bikin kami ngerasa beberapa cut adegannya berasa ga cukup mulus begitu pula dengan tektokan dialognya sebagian dialog yang berisi komedi ada rasa saling tunggu saat menontonnya sehingga kurang berasa ngobrol nya
77;hanung bramantyo melakukan comeback untuk mengulik film horor dengan judul trinil yang berkisah tentang rara dan sutan yang dihantui teror setelah mereka kembali dari bulan madunya
214;sekadar info cerita di film ini merupakan cerita original bukan adaptasi dari manga dan di awal film akan ada sedikit pengenalan karakter utama yang ada di spy x family jadi film ini bisa ditonton buat orang yang belum nonton spy x family sebelumnya
283;untungnya film ini punya plot twist yang cukup oke sedikit mengobati segala macem kekacauan cerita akting ke kurang jelasan key visual antara 2 timeline yang berbeda pelintiran cerita di paruh akhir jujur cukup bikin kami oh waw tapi ya udah
323;orang-orang jahat di film ini juga sukses nyebelin banget yakin deh anak-anak yang nonton pasti kesel banget sama mrs scrubbit amp slugworth karakter slugworth prodnose dan fickelgruber sendiri sudah pernah muncul sebelumnya di dua film pertamanya original maupun reboot
25;pemukiman setan merupakan film terbaru dari charles gozali yg berkisah tentang sekelompok pencuri yang mendapatkan terror di rumah angker yang mereka rampok
365;elemen romance ini yang mungkin jadi alasan kenapa napoleon kerasa kurang epik dibandingkan film epik ridley scott yang lainnya tapi kalau kamu tahu sejarah napoleon pasti kamu tahu betapa erat perjalanan hidup dan karir napoleon dengan josephine
371;buat kalian yang pengen liat review tontonan kami di sepanjang tahun 2023 silakan cek thread berikut ini atau klik gt wmidreview
394;berkisah sekaligus berawal dari tragedi black friday di malam thanksgiving yang menimpa sebuah kota banyak warga jadi korban setahun berlalu muncul teror pembunuhan berantai yang motif utamanya balas dendam atas tragedi black friday tersebut
319;wonka 2023 rating hm hm 10
243;migration 2023 rating duck a l orange 10
162;oke berikut review kami untuk dream scenario 2024 wmidreview
128;tentu saja ga semuanya oke ada juga beberapa hal yang ganjel salah satunya series ini udah berasa gaspol dan asik banget di 3 episode pertama tapi di episode 4 ke 5 agak turun tensi ceritanya tapi untungnya mulai naik lagi di beberapa episode menuju finale
515;urusan akting sha ine febrianti sebagai bu prani jelas yang paling bersinar di film ini lengkap dengan berbagai macam range emosi yang diperlihatkannya ditambah cukup banyak close-up shot yang bikin makin keliatan segitu kuatnya emosi dari ekspresi yang beliau tampilkan
392;ngomongin film model gini sih udah ekspektasi banget kalo bakal banyak adegan brutal bikin ngilu dll dsb dkk tapi yang kami ga nyangka dari film ini adalah komedinya yang ngehe banget wkwkwk dan porsinya cukup banyak dari awal sampe akhir film
9;penantian panjang ini untungnya tydack sia-sia ya bund alienoid return to the future kembali menghiasi bioskop dengan cerita yang tak kalah absurd dan bombastis
300;dari semua aspek kami merasa film rumah masa depan adalah film keluarga yang terasa paling komplit dan paling segar di tahun 2023 masing-masing karakternya beneran keluar dan punya perspektif cerita ini yang bikin penonton ga pernah bosen dari awal sampai akhir
367;sebagai penggemar berat film kingdom of heaven dan gladiator napoleon adalah film yang berbeda kalau di film lain journey of characternya banyak digambarkan banyak dari perspektif aksi napoleon justru diceritakan dari perspektif romance dengan cinta sejatinya josephine
43;ditambah untuk urusan dialog dan aksen sunda pun film ini masih mengalami problem yang sama dengan beberapa film lokal lain beberapa selipan dialog berbahasa sunda-nya ga cukup nyaman untuk didengarkan dan ngasih kesan yang penting ada euy -nya
374;pada akhirnya srimulat hidup memang komedi memperbaiki semua hal yang harus diperbaiki di film srimulat hil yang mustahal - babak pertama ceritanya solid dan bulat harmonis berpadu dengan sketsa komedi yang menyenangkan
351;the djinn s curse 2023 rating wassalam khap 10
80;overall film night swim cukup memberikan something yg fresh untuk film horror di pembuka awal tahun 2024 apalagi duet maut james wan dan jason blum sebagai bapak produser
529;gadis kretek secara garis besar punya 2 timeline dalam bercerita era 1960-an dan 2000-an meski berjalan dengan 2 timeline yang berbeda tapi perpotongan dan perpindahan tiap era-nya ga bikin pusing dan nyaman buat diikuti sekali lagi cara berceritanya bener-bener cantik
418;ntah ini jadi poin minus atau bukan tapi sejujurnya cerita yang disajikan film ke 3 nya kali ini malah bikin film kedua kerasa disconnect dari franchisenya
495;dengan durasinya yang di bawah 2 jam cara film ini bercerita juga berasa sat-set-sat-set agak berasa penonton diajak harus bisa nangkep cerita dengan cukup cepat plus di beberapa subplot berasa ya udah aja gitu
355;akting para pemainnya pun masih lebih meyakinkan akting pemain sinetron di tv swasta indonesia film yang harusnya horor gara-gara aktingnya yang kurang meyakinkan malah lebih banyak ngasih komedi
387;buat kalian yang suka sama genre thriller slasher-gore whodunnit macem gini jangan sampe lewatin thanksgiving ngomongin cerita ya udah lah ya tapi adegan brutalnya ngeri ngilu komedinya ngehe momen ngagetinnya ngeselin tapi lucu wkwk tonton reramean bakal asik
537;love reset 2023 rating bandara incheon 20 20 terminal 1 10
103;bintang-bintang di film pertama masih tampil prima di film kedua ini banyak juga karakter-karakter baru yang diperkenalkan seperti christopher walken florence pugh lea seydoux dan austin butler ada satu karakter rahasia juga yang ternyata udah muncul di trailer
94;oke berikut review kami untuk night swim 2024 wmidreview
455;film ini berdurasi 2 jam 37 menit dan dibagi menjadi 3 babak yaitu part 1 the mentor part 2 the prize part 3 the peacekeeper setiap part menceritakan fokus masing-masing sehingga terasa seperti 3 film berbeda
452;akhir kata spirit serial film the hunger games yaitu kesadisan aksi battle royal antar remaja dinamika hubungan duo lead character dan politik negara panem masih terjaga di film ini penggemar the hunger games wajib nonton
382;tapi sebelum lanjut ke review mungkin ada beberapa hal yang perlu kami sampaikan dulu biar kalian ga kaget pas nonton film srimulat hidup memang komedi bukanlah babak kedua dari srimulat hil yang mustahal - babak pertama film ini adalah gabungan dari babak pertama dan
164;tapi secara overall ali topan cukup oke buat dinikmati dari awal sampai akhir apalagi kalau kamu tahu tentang ali topan sebelumnya memang penggemar musik indie penggemar jefri nichol atau buat kamu yang bingung mau nonton apa di hari valentine nanti gas nonton
467;oke berikut review kami untuk the hunger games the ballad of songbirds amp snakes 2023 wmidreview
16;kekurangannya kami ngerasa lore-lore yg ditampilkan sangat potensial tetapi sayangnya tak digali lebih dalam seperti halnya karakter teuku rifnu wikana yg muncul di pertengahan film ya mungkin karena durasi filmnya yg terasa singkat atau sengaja disimpan untuk selanjutnya
350;buat kalian yang pengen liat review tontonan kami di sepanjang tahun 2023 silakan cek thread berikut ini atau klik gt wmidreview
531;rasa penasaran tentang apa yang sebenarnya terjadi dengan jeng yah tuh bisa diirit-irit dengan porsi yang pas dalam total 5 episodenya cara series ini main tarik ulur rasa penasarannya ke para penontonnya tuh beneran cakep nyenengin dan ga nyebelin seru
33;lika liku perjalanan pae dkk dalam memproduksi film pendek ini juga menjadi sebuah medium bercerita yang unik dan asik untuk dieksplor sedikit sebanyak tu kita jadi tau gitu keseruan bikin film bersama teman-teman
226;film ini bener-bener bikin kita seakan disuruh mikir padahal gausah mikir cukup ngikutin aja mau dibawa kemana awal-awal film mungkin kerasa ga tau filmnya mau dibawa kemana blur banget ternyata ya emang sampe akhir juga tetep ga tau ya mau kemana hahahahaha
24;secara garis besar treatment pemukiman setan ini sedikit banyak mengingatkan kami pada qodrat buat yang udah nonton qodrat pasti tau betapa ikonik openingnya ditambah film ini pun punya unsur fighting yang kental-- yang tentu saja ini merupakan beberapa hal yang bagus
185;sebagai film komedi ini film cukup ringan dan konflik-konfliknya juga trivial tapi kadang jadi terlalu fokus pada komedi sehingga plotnya jadi kabur
92;menceritakan tentang keluarga waller yang pindah kerumah baru yang ada kolam renang di belakang rumahnya setelah dia memutuskan untuk pensiun dini dari bermain bisbol karena penyakit yang dideritanya
82;minusnya sih lore dari si kolam renang atau airnya itu sendiri yg menurut kami masih agak kurang dieksplor lebih jauh dan lebih dalam lagi misterinya
208;akhir kata spy family code white merupakan tipikal film keluarga amp film bertema libur natal dan tahun baru yang sangat hangat dan lucu cocok banget ditonton bareng keluarga film ini sangat ringan jadi tinggal duduk dan gak usah mikirin apa-apa
332;wonka merupakan prequel dari salah satu film adaptasi dari buku karya roald dahl yang semua orang pasti tau willy wonka and the chocolate factory 1971 dan charlie and the chocolate factory 2005
225;jajaran castnya juga ga main-main emang selain pemeran utama bryce dallas howard sebagai elly conway aksi henry cavill john cena dan tentu saja yang paling ditunggu-tunggu dua lipa keren dan sangat menghibur
217;argylle 2024 rating tari helikopter 10
439;akhir kata past lives adalah drama romansa yang manis realistis sekaligus berpotensi bikin meringis akting dan dialog yang begitu natural dari castnya membuat kita segitu percayanya kalo hal hal yang tersaji di film ini kerap terjadi di kehidupan nyata highly recommended
408;sebagai film yg merayakan disney100 100 tahun walt disney animation studios tentu menjadi beban yang sangat berat untuk disney wish apakah berhasil hmm lets see
347;menonton film animasi yang satu ini-- seperti khasnya film ghibli diawali dengan kisah yang sangat berlandaskan kenyataan namun lama kelamaan seiring durasi bertambah penonton merasakan transisinya dari dunia nyata semakin masuk ke ranah fantasi tapi
14;buat kami yang udah nonton qodrat dan puas dengan film tersebut final battle di pemukiman setan ini sesungguhnya udah cukup oke tapi ya kalo ngebandingin dengan qodrat ya sedikit terasa penurunannya
161;dream scenario adalah film a24 yang diproduksi oleh ari aster dan timnya di square peg serta nicolas cage yang sekaligus menjadi pemeran utama sedangkan sutradara dan penulisnya adalah kristoffer borgli
127;berbagai side mission kena cut bikin kita yang udah ngerasa enjoy banget dengan dinamika karakter utama di versi animasi bikin pas nonton live action-nya ini emang berasa di-nerf di sana sini
507;oh ya hampir ketinggalan adegan akhir beli bakso di perapatan kiara condong - soekarno hatta itu lucu sih
116;ngomongin elemen horor film ini berhasil menakuti penonton dengan presentasi jumpscare-nya juga bikin ngilu linu dan dipaksa memicingkan mata dengan parade visual berdarah-darah yang disajikannya bahkan dari menit-menit awal film aja udah dibikin ga tenang nontonnya
28;not friends merupakan debut penyutradaraan yang memuaskan dari atta hemwadee drama sekolah coming of age yg ringan dan menggelitik cocok buat ditonton ramean sama teman sekolah atau teman ngantor siap2 dibuat ketawa nangis ketawa nangis sambil ketawa highly recommended
426;kekurangan tentu ada selain tentu saja dialog sunda-nya yang memang wadidaw komedinya yang hit n miss ada sebagian adegan yang berasa to-good-to-be true dengan logika penceritaan yang kelewat ajaib selebihnya masih bisa terabaikan dan tetap bisa dinikmati
338;the boy and the heron 2023 rating i want whatever miyazaki had writing this 10
435;sebelum kalian mention soal logat sunda-nya yang emang sebegitu ganggu biar kami mention duluan yak betul penggunaan dialog bahasa sunda film ini memang sungguh tidak konsisten dan cukup mengganggu tapi selebihnya film ini ternyata di luar ekspektasi
543;paruh awal film jujur saja sebenernya rada ragu-ragu apakah ini sesuatu bisa hal yg ditertawakan seiring berjalannya cerita dan penambahan karakter yang muncul cerita semakin ringan untuk tertawa lepas membuat film ini terasa pure comedy
331;menceritakan tentang perjalanan willy wonka dari yg awalnya hanya seorang pemuda penjual coklat sampai menjadi willy wonka yang diketahui banyak orang - seperti sekarang sebelum ada pabrik coklat sebelum bertemu oompa-loompa sebelum golden ticket
118;chemistry antara vonny anggraini dan aji santosa sebagai ibu dan anak gak kalah mengharukan bener-bener kerasa banget kedekatan hubungan dan kasih sayang di antara keduanya dan menariknya itu bisa tersampaikan dengan baik meski screen timenya sangat terbatas
22;fyi pemukiman setan sempet tayang di jaff tahun lalu dan di versi yang tayang reguler ini ada beberapa upgrade kami udah konfirmasi kalo ternyata dari audio dan urusan cgi yang versi tayang reguler ini udah dipolish lebih oke ketimbang yang tayang di jaff balik ke review
91;berdasarkan film pendek dengan judul yg sama yg rilis tahun 2014 night swim 2024 memberikan teror yg lebih jauh dan mencekam seputar kolam renang
108;cukup disayangkan seandainya treatment jumpscare-nya ga dikemas berlebihan pun kayanya bakal fine-fine aja karena film ini dasarnya udah punya beberapa aspek yang oke banget sejak awal kalo suspense-nya gak dibikin klimaks sama jumpscare kayanya mungkin bisa lebih asik
362;napoleon merupakan film berkualitas tinggi dari segi visual layaknya film-film ridley scott yang lainnya film ini bisa dinikmati bahkan oleh orang yang tak tahu sama sekali tentang napoleon karena ceritanya memang sedetail itu walaupun-- katanya ga akurat-akurat amat
342;meski karakter yang sering terlihat muncul di film ini adalah si burung berwarna biru namun jika kalian suka karakter berbentuk imut nan lucu maka kalian tidak akan kecewa dengan kehadiran wara-wara yang sangat menggemaskan di film ini
311;naskah yang sangat matang ini pula didukung dengan cast yang perfect mulai dari sharifah amani shaheizy sam syumaila salihin iedil putra sampai aktor legendaris wan hanafi duh ga ngerti lagi sih aktingnya beneran satupun ga ada yang elek bahkan supporting dan extrasnya
216;oke berikut review kami untuk spy x family code white 2024 wmidreview
434;film berkisah tentang utan vino yang harus berpura-pura sukses hidup di ibukota sementara ibu dan adik-adiknya tinggal di kampung masalah berawal ketika bilqis anya adiknya diijinkan nyusul kakaknya ke ibukota di sini drama perihal cari uang di ibukota dimulai
409;bercerita tentang karakter baru yg diperkenalkan di wish seorang gadis bernama asha voiced by ariana debose yang tinggal di magical kingdom - rosas - yang dipimpin oleh king magnifico voiced by chris pine
71;shots di film ini pun indah-indah memanjakan mata dan kalo ada scene gelap gelapnya pun pas alias masih bisa keliatan apa yang terjadi di layar
224;selain cast-nya salah satu yang jadi scene stealer di film ini adalah sang kucing alfie sumpah gemes banget sama kelakuan si meong satu ini trivia kucingnya ini punya istrinya matthew vaughn sendiri claudia schiffer
526;gadis kretek bakal nge-hook lewat 2 episode nya yang begitu manis dengan elemen romance dan adegan-adegan ala ala drakornya wkwkwk sampai akhirnya penonton diajak tenggelam buat mengikuti kisah pelik yang bikin perasaan campur aduk di sisa 3 episode-nya
402;but yeah dengan gaya visual seperti ini tuh jadi semacam gambling kadang bagus kadang kureng visualnya pas bagus banget itu loh bayangin mulu gimana kalau tayang 3d-- in other hands pas lagi kureng ya kureng banget kayak nanggung gitu
104;berjeda 3 tahun dari film pertamanya akhirnya kita bisa melanjutkan kisah dari semesta dune dune part two menceritakan tentang reaksi paul atreides atas apa yang dilakukan pada keluarganya dan reaksi yang diperlihatkan amat sangat epik
159;hampir semua orang memimpikan paul bahkan dia muncul di mimpi orang-orang lain di berbagai penjuru dunia hal ini membuatnya jadi terkenal dan viral namun dari sini masalah bermula selanjutnya silakan nonton sendiri
117;sedikit tambahan kami cukup hepi film ini punya latar lokasi yang tidak mengharuskan para aktornya berdialog dalam bahasa daerah tertentu meminimalisir hal-hal yang mengganjal ketika logatnya ga masuk di telinga problem yang kerap kali ditemui di film horor belakangan ini
278;buat kalian yang sempat merasakan keinginan untuk tobat menggebu-gebu abis baca komik siksa neraka yang legend di tahun 90-an pada penasaran gak sih gimana kalo komik itu diangkat ke layar lebar
263;jason momoa kembali muncul sebagai aquaman dan tetep kocak kocak gila sekarang jadi ayah yang yah begitulah kelakuannya kehadiran orm dan karakter lainnya juga menambah sisi nostalgia akan film pendahulunya yang jelas aksi duo aquaman dan orm ngangkat filmnya banget
416;di trolls band together lagu-lagunya juga ga kalah asik walaupun banyak yang baru bahkan ada lagu yang cukup familiar menjadi villain song dan kerasa pas banget
380;tentu bukan keputusan yang mudah untuk memangkas durasi sebanyak itu tapi hasilnya bisa dibilang sangat memuaskan semua adegan komedinya diedit dengan lebih baik tidak dibiarkan bertele-tele kepanjangan dan asyik sendiri seperti di film sebelumnya porsi dramanya menjadi
400;sedangkan untuk villainnya king magnifico rasanya butuh lebih banyak backstory amp motivasi untuk jadi penjahat yang bengis banget and other than that penampilan di this is the thanks i get itu seru banget sih
180;baghead terasa menarik banget karena punya karakter horor yang terbilang unik dan premis cerita yang terbilang segar baghead dibintangi oleh freya allan yang bermain jadi ciri di serial the witcher jeremy irvine ruby baker amp peter mullan
120;cara bertutur yang baik ditunjang juga oleh performa akting yang baik dan sorotan utama kami jelas kepada aghniny haque tanpa banyak nyeritain konteks cerita akting doi di sini bagus banget bisa dibilang salah satu penampilan terbaik aghniny sepanjang main film layar lebar
265;oke berikut review kami untuk aquaman and the lost kingdom 2023 wmidreview
6;porsi action yang mengasyikkan ini juga tentunya didukung set yang cakep banget apalagi pas setting masa lalunya dan adegan keretanya epic bangettttt
508;last but not least kami suka cara film ini ditutup oleh dan hujan i-nya gardika gigih sukses bikin terngiang-ngiang di kepala saat kami pertama kali menonton di opening jakarta film week 2023
505;buat kalian yang pengen liat review tontonan kami di sepanjang tahun 2023 silakan cek thread berikut ini atau klik gt wmidreview
146;dakota johnson sebagai cassie sayang kurang all-out akting dan emosinya sebagai karakter utama akibatnya adegan yang berpotensi bikin pecah ataupun bikin nangis jadinya cuma lalu saja chemistry ketiga remaja julia sydney sweeney mattie celeste o connor dan anya
346;tapi menonton film miyazaki kali ini seringkali batasan yg coba disuguhkan antara dunia nyata dan ranah fantasi terasa tidak jelas menumpuk satu sama lain amp berkelindan sehingga kadang terlintas di kepala apakah sutradara miyazaki mabuk kecubung saat membuat film ini
45;kehadiran beberapa supporting character ga sekali dua kali ngasih kesan yang sebenernya ga penting-penting amat kayanya beberapa karakter diilangin pun ga ngaruh apa-apa terhadap jalan cerita utama maupun selingan subplot-nya
187;kemampuan akting ditambah make up juga menolong passable lah buat pasutri umur 20-an bcl juga masih imut-imut walaupun kelihatan pake make up terus 24 7 supporting cast yang diisi oleh komedian-komedian cukup sukses bikin ngakak dengan jokes-jokes recehnya
532;buat kami yg ga baca novelnya asik banget ngikutin kisahnya dan seru banget dikejutkan berkali-kali oleh rahasia yang di-reveal-nya cara berkisahnya nyaman untuk diikuti ditambah cliffhanger yang cantik di tiap akhir episode bikin gadis kretek senagih itu buat ditonton
115;secara teknik pengambilan gambar pun boleh kami bilang cukup oke dalam menyajikan sebuah ke-horor-an bagaimana jumpscare yang disajikan secara close-up di beberapa adegan sungguh terlalu
248;sekarang ke menu utamanya migration bercerita tentang sekeluarga bebek yang ingin bermigrasi untuk pertama kalinya sepanjang perjalanan mereka migrasi banyak sekali masalah yang menghadapi mereka dalam perjalanannya
133;kaya contoh azula muncul di trailernya harusnya ga ada di book 1 kan nah di sini dimunculin lebih awal tapi masih kerasa pas aja gitu dan ternyata bukan cuma azula doang karakter dari book 2 yang nongol di season 1 ini ada beberapa karakter lain siapa tonton sendiri aja
321;timoth e chalamet cukup magical memerankan wonka serta sukses juga bikin terharu dengan kisah lamanya with her momma meskipun disayangkan untuk subplot tentang noodle tidak sebegitu semenyentuh itu serta karakter teman-teman willy yang lainpun meskipun lucu dan menghibur namun
329;wonka bergenre musical fantasy dengan rating semua umur yang bisa dinikmati semua usia thats why juga plot di film ini cukup ringan serta dibalut dengan elemen magical serta scene warna-warni - sweets amp chocolate yang bikin anak-anak seneng nontonnya
18;akting yang paling menarik perhatian kami tentu saja adinda thomas yg tampil sinting sebagai sukma ketawanya saja sungguh annoying selain itu kami juga suka bhisma mulia yg tampil hidup dan ashira zamita yg berhasil bikin ngakak di that one particular scene
470;monster secara gamblang dan jujur menggambarkan realita masalah yang terjadi setiap hari di kehidupan manusia tema yang diusung film ini boleh dibilang cukup berat namun penceritaannya membuat kita tidak menyadari hal tersebut sampai tiba waktunya highly recommended
227;argylle bukan cuma sekedar spy-movie biasa plot twist demi plot twist yang disebar sepanjang film sukses bikin ngakak dan kaget duarrrrrrrrrr ga cuma mengocok perut tapi juga mengocok pikiran wkwkkwk
268;di balik ceritanya yang sebenernya ya udah gitu doang sih visual neraka yang hit n miss-- dan emang niat mau nostalgia lagi sama komik siksa neraka atau mungkin mau diingatkan kembali sama dosa-dosa kalian biar tobat boleh banget nonton film karya anggy umbara ini
192;agak laen 2024 rating hormat ketua totong 10
451;the hunger games the ballad of songbirds amp snakes 2023 rating villain origin story 10
247;singkatnya migration ini film animasi yang memang bener-bener menghibur apalagi untuk masa liburan seperti ini karakter-karakternya juga lovable banget kalo nonton nanti perhatiin 2 karkater ini uncle dan dan gwen mereka berdua wajib punya short film sendiri sih
475;dengan rashomon effect kore-eda melalui monster berhasil membuat manipulasi dan ilusi kebenaran yang sering muncul di dalam pikiran manusia betapa mudahnya manusia mengambil kesimpulan yang salah tentang orang lain
188;bahas cast dulu adimas dan adelia diperankan oleh reza rahadian dan bcl yang secara umur lebih tua dibandingkan umur karakter aslinya tapi kapasitas akting mereka udah ga perlu diragukan apalagi chemistry mereka telah terbangun sejak habibie ainun dan my stupid boss
468;buat kalian yang pengen liat review tontonan kami di sepanjang tahun 2023 silakan cek thread berikut ini atau klik gt wmidreview
230;kereta berdarah 2024 rating tertawa cekikikan 10
135;ngomongin penyesuaian cerita berkaitan dengan keterbatasan durasi meskipun harus ada yang di-cut di-merge sana sini tapi secara keseluruhan tetep mampu menampilkan kisah originalnya dengan baik setidaknya momen-momen krusial di versi ori-nya masih ada dan ga kena cut
171;oke berikut review kami untuk ali topan 2024 wmidreview
504;oke berikut review kami untuk the marvels 2023 wmidreview
237;urusan sfx make-up dan desain karakter antagonis di film ini adalah salah satu hal yang bener2 kami acungi jempol gestur-gestur yang ditunjukin sama makhluk-makhluk halusnya pun kerasa bikin deg-degan cgi meski ada hit n miss tapi secara umum cukup memuaskan
130;dan karena live action para castnya berwujud beneran manusia jadi ada beberapa adegan yang malah terasa lebih emosional dibandingkan versi animasinya salah satu faktornya karena sebagian pemain berakting dengan sangat baik terutama part gyatso yang
129;ngomongin akting semua cast berakting dengan baik tapi yang buat kami menjadi spesial adalah akting paul sun-hyung lee sebagai uncle iroh buat kita yang dari awal udah suka banget sama desain karakternya opa paul bisa menghidupkan karakter ini dengan sangat baik
289;zoul pandjoul dan amel carla yang dimaksudkan mungkin bisa ngasih sedikit sentuhan komedi pun dirasa kami nanggung banget yah lucu kagak secara aktingnya pun biasa aja
335;
354;jumpscarenya nanggung nggak nakutin malah banyak bikin ketawa karena lucu penampakan setannya pun lebih banyak lucunya ketimbang bikin takut
233;sedangkan akting pemain lainnya hhh chemistry antar karakter yang lain gak begitu kuat dipadu dengan scripwriting yang wadidaw kombinasi yang bikin tetep melek meski waktu itu kami kedapetan nonton jam midnight apalagi tingkahnya fadly faisal sebagai mas tekun yang
389;pokoknya ntar ga usah heran misal pas nonton kalian ngira fyuuuuh ini sepertinya momen santai nih waktu yang tepat untuk menghela nafas tiba tiba jleeeeeeeeeeebb wwkwkwk
109;kami menyayangkan juga kehadiran sosok arif yang diperankan ibrahim risyad meskipun punya andil dalam menghubungkan misteri tapi disajikan ga ada chemistry sama sekali dengan ibu dan kakaknya
78;oke berikut review kami untuk trinil kembalikan tubuhku 2024 wmidreview
450;buat kalian yang pengen liat review tontonan kami di sepanjang tahun 2023 silakan cek thread berikut ini atau klik gt wmidreview
100;kalo bingung dengan istilah harkonenn fremen benne gesserit dll silakan cek rangkuman thread kami di bawah ini
2;namun kemunculan karakter-karakter baru ini sayangnya bikin alur filmnya jadi ngulang-ngulang dan sedikit bikin bosen filmnya tu kaya jadi lama banget panasnya untungnya ada duet tante yum jung-ah dan om jo woo-jin sebagai duo penyihir yang membantu memecah kebosanan ini
141;tapi sadar atau enggak beberapa hal di film ini sejujurnya mengingatkan kami pada film dukun superhero sebelah bedanya madame web lebih kerasa kayak film barat bertema mistis supranatural
375;tapi tentu saja mvpnya adalah bio one menurut kami bio one adalah salah satu aktor yang paling menarik di era ini di film ini bio one benar-benar mempamerkan rangenya sebagai aktor all out banget sampai sanggup mengubah fisik dan postur badan untuk masuk ke dalam peran
111;sayang memasuki paruh akhir film ini mengalami kemunduran dengan berbagai macam adegan klise khas film horor yang ga perlu pun filmnya nampak kebingungan sendiri ngasih endingnya kaya apa paham isunya mau di bawa ke arah mana tapi kaya kebanyakan muter2 ga jelas dulu
139;madame web 2024 rating it s madaming time 10
369;buat yang belum tahu yang menyutradarai film napoleon adalah ridley scott yang juga menjadi sutradara beberapa film legendaris mulai dari blade runner alien the martian dan beberapa film epik seperti gladiator the last duel robin hood kingdom of heaven dan lainnya
272;penggambaran nerakanya pun menurut sotoy kami agak kurang meyakinkan lebih kek berlatar sekitar gunung yang baru meletus langit merah terus ngeluarin lahar panas hmm tapi ya gatau yah kami belum pernah ada yg berkunjung kesana
489;scoring amp lagu-lagu yang nyempil pun berasa cukup pas dan nambah keseruan di filmnya terutama adegan di aladna ya vibe-nya disney princess banget ga ketinggalan adegan perkucingan itu pun ditempelin lagu yang pas banget
39;penampilan zee maupun arbani jelas jauh dari kata mengecewakan-- tapi jalan cerita karakterisasi dan dialog yang ngawang di sana sini bikin kami ga bisa merasakan keseruan dan manisnya kisah cinta yang terjadi antara ancika dan dilan sebuah adaptasi yang serba nanggung
440;cara film ini diakhiri seolah menegaskan kalo ya hidup harus tetap dilalui dan dijalani meski harapan dan keinginan ga sesuai kenyataan penonton tetep harus berdiri beranjak keluar studio dan melanjutkan aktivitas berikutnya meski filmnya diakhiri dengan gitu doang
307;buat kalian yang pengen liat review tontonan kami di sepanjang tahun 2023 silakan cek thread berikut ini atau klik gt wmidreview
63;urusan adegan tembak menembak juga terasa begitu immersif dipadu dengan practical effect yang mumpuni parade lesatan peluru di mana-mana terasa begitu nyaring di telinga dan begitu berisik penonton semacam diajak buat ikut baku tembak selama di bioskop soundnya manteb
277;ya film karya anggy umbara kali ini mengangkat kembali cerita komik gore lawas tersebut kombinasi antara sutradara dan komik ini tentu menghasilkan film dengan adegan-adegan sadis siksaan neraka walaupun eksekusi cgi dan sfx makeupnya ada beberapa yang masih miss
222;salah satu elemen yang asyik di film ini juga lagu lagu sountracknya mendukung dan mengelevate banget lets say my everything - barry white yang diputer beberapa kali serta lagu lagu lainnya yang ga kalah eargasm
30;jajaran aktor muda yang bermain di film ini juga mantap banget anthony buisseret beneran tampil prima memainkan karakter pae komedinya dapet dilema sipaling mencari jati diri pun dapet kevin anggara juga sebagai joe tak kalah mantap
261;sosok villain black manta yg diperankan oleh yahya abdul mateen-ii sebenernya mimik mukanya udah cukup bengis but-- we want more than that ngarep lihat dia tuh sampe melakukan hal yang lebih kejam daripada ini
370;oke berikut review kami untuk napoleon 2023 wmidreview
218;ada 1 credit scene yang malah bikin pusing kayak loh kok laahhh ini apa anjeerrrr biar gak penasaran nonton sendiri deh
3;fyi film pertamanya bisa ditonton di atau coba cek aplikasi cgv kalian cek apakah bioskop di kota kalian nayangin film pertamanya lagi karena lagi ngadain event buat nayangin beberapa film lama mereka salah satunya alienoid part 1
168;porsi actionnya memang ada tapi tidak sebanyak yang kami kira film ali topan lebih menjual street romance antara ali topan dengan anna karenina entah kenapa kami merasa ceritanya didesain untuk menyambut hari valentine lebih banyak porsi drama dibandingkan aksinya
427;film ini punya mid-credit scene yg cukup menarik bukan ditempatkan sekadar kalo film ini ngasih edukasi instrumen keuangan doang tapi seolah memperlihatkan kalo liat deh ada pengembangan yang terjadi terhadap karakter utamanya lho sentuhan kecil yang cukup manis
37;oke berikut review kami untuk not friends 2024 wmidreview
41;sepanjang film kami berpikir seandainya berbagai macam adegan yang ga penting di sana sini bisa di-cut dan didistribusikan lebih banyak untuk mempertebal jalinan cerita antara ancika dan dilan kayanya bakal bikin filmnya sedikit lebih menyenangkan
245;untuk animasinya sendiri cukup standar mungkin yang bisa dilihat upgrade-nya ya detail dari tiap karakternya entah dari helai rambutnya dan movementnya yang lebih fluid highlight animasinya ada di bagian awal dari film ini yang mempunyai format animasi 2d yg keren banget
456;bintang utamanya tetap tom blyth sebagai snow serta yang mencuri perhatian ada viola davis sebagai dr volumnia gaul dan peter dinklage sebagai casca highbottom jajaran game maker dari hunger games
132;oh ya yang buat kami kerasa cukup fresh adalah perbedaan ras dari tiap nation kerasa lebih kentara di versi live action-nya ini kyoshi yang terinspirasi dari jepang kuil udara yang terinspirasi wilayah sekitar tibet omashu yang merepresentasikan negara asia selatan dll dll
74;mengejutkannya film ini bisa kami bilang menghibur dengan cara yang paling aneh yang bisa dibayangkan kalo boleh kami saranin sebelum nonton tinggalin dulu ekspektasi soal film horor yang menegangkan dan serius percayalah dengan begitu akan terasa lebih enjoyable
51;pertama dan utama mari ngomongin 2 karakter utamanya zee berhasil memainkan sekaligus menghidupkan karakter ancika versi live action dengan cukup baik sifat cuek jutek dan malu-malu-mau yang tergambar di novel mampu divisualisasikan dengan baik oleh zee seneng liatnya
444;past lives memang memperlihatkan kisah yang biasa biasa aja dari karakter mas mas dan mbak mbak yang juga biasa aja hal-hal biasa ini yang justru sering banget ngasih rasa jir ini film gue banget -- dan past lives berhasil mengeksekusi hal tersebut dengan sangat baik
284;untuk urusan jumpscarenya lumayan bikin kami terkaget-kaget soundnya kenceng sih tapi untungnya ga sering juga untungnya masih dalam momen yang pas dan masih bisa ditebak jadi kita bisa ancang-ancang buat tutup telinga ditambah adegan gore yang banyak banget banget nampilin
48;meski zee tampil dengan cukup baik menghidupkan karakter ancika pun arbani juga tak kalah menarik dengan ngasih kesan fresh lewat dilan versi-nya sendiri-- tapi sayang kami ga ngerasain chemistry cinta-cintaan yang solid dari berbagai macam adegan dan dialog dr mereka berdua
60;sejujurnya cukup melelahkan dihujani action sana sini tanpa pengembangan cerita dan motivasi karakter protagonis maupun antagonis yang digarap dengan baik ditambah hampir di setiap adegan yang ada dialognya kek ga berasa ngobrol nya bahkan para aktor senior sekalipun
105;oke berikut review kami untuk dune part two 2024 wmidreview
336;udah
32;masih terngiang banget tuh line dialognya panjang umur sinema kawanku sungguh sebuah surat cinta untuk sinema ps shoutout untuk tim subtitle indonya apikkkk
299;kesimpulannya rumah masa depan adalah film keluarga yang amat sangat cocok ditonton buat keluarga kecil yang lagi butuh tertawa emosinya dapet ceritanya dapet realistisnya dapet komedinya dapet semuanya dapet kami ngerasa beres nonton film ini jadi lebih adem
19;film ini dipenuhi dengan hal-hal yg lumayan bikin ngilu atmosfernya pun dibuat tegang selain itu jumpscare tipis-tipisnya pun berhasil bikin kami terjaga tapi jangan salah beberapa momen juga terasa sangat fun sampai membuat kami tertawa
352;ya intinya kalo kalian penasaran film horor bernuansa islami dengan dialog bahasa thailand coba tonton aja
219;dengan keabsurdan film ini argylle mampu bikin penonton ngikutin film-nya sampai habis dengan senyum dan tawa film ini sangat-sangat menghibur apalagi dengan cast yang membantu banget dalam men-deliver jokes-jokes tersebut
202;dari premisnya sudah terasa unik dan persis seperti judulnya agak laen ga cuma fokus di komedi tapi juga ngasih elemen horor lengkap dengan jumpscare-nya misteri romance bahkan drama antara teman dan keluarganya plot yang dihadirkannya beneran macem-macem ajaib
480;monster bercerita tentang seorang ibu rumah tangga bernama saori sakura ando yang mengkonfrontasi sekolah anaknya dan menuntut jawaban atas anaknya yang tiba-tiba bertingkah aneh
315;bercerita tentang sebuah kampung konservatif super islami bernama kampong bras basah kampung ini dikejutkan oleh kedatangan cik hanie orang kota yang tiba2 membuka toko lingerie di sana suasana kampung yg membosankan kini menjadi lebih menyenangkan
46;kisah cinta ancika dan dilan pun berasa serba instan dilan tiba-tiba dibikin suka ancika ancika ga butuh waktu lama untuk mendadak tertarik pada dilan ga ada eskalasi romansanya sama sekali ga seseru tarik ulur cinta-cintaan antara dilan dan milea di film2 sebelumnya
197;oh ya dan ngomongin product placementnya ini beneran ngaco abis wkwkwk yang pertama jelas pecah banget hardsell banget tapi ya jadi lucu cuma yang ke 2 karena mungkin yang pertama udah segitu pecahnya jadi ya ke 2 berasanya rada nanggung
255;soundtrack di film ini juga keren keren terutama pas final battle yang bikin ningkatin tensi beberapa adegan menjadi lebih menegangkan
107;pada akhirnya meskipun punya third act yang lemah dan eksekusinya menuju ending yang lumayan kedodoran secara garis besar film pemandi jenazah menghadirkan horor yang asik berhasil ngasih sedikit angin segar ketika horor indonesia mulai terasa gitu-gitu aja rekomendid
251;oke berikut review kami untuk migration 2023 wmidreview
113;meskipun kami terus ditakut-takuti dari awal film namun kami pun masih dikasih kesempatan buat nafas dengan sempilan-sempilan komedi di beberapa dialognya memang ga banyak sih tapi lumayan lah biar ga tegang terus
545;love reset disutradarai oleh nam dae-jung memiliki genre romance comedy cerita yang alurnya seperti sinetron dipadatkan dengan komedi yang bisa dibilang hit n miss pada awal-awal cerita love reset mencoba menghibur melalui kisah lama pahit dan toxic yang baiknya ditertawakan
86;kolaborasi antara james wan dan jason blum yg sudah banyak menghasilkan film2 horror yg ikonik tentu saja bikin film night swim ini ditunggu banget sama para pecinta film horror rasanya kek double combo aja gitu ga sabar buat dikaget2in wkwk
124;avatar the last airbender 2024 rating uncle iroh 10
473;meski bukan bergenre horor tapi ada banyak kengerian yang bisa kita rasakan di sepanjang film selain itu akan banyak kehangatan yang bisa dirasakan di antara kengerian kekacauan dan kebingungan yang disajikan film ini ditambah scoring piano-nya yang menyayat hati
487;tapi ending dan 1 mid-credit scene nya beneran pecah sih jadi fan service upaya dari mcu berusaha mengembalikan kepercayaan penonton terhadap mcu yang mulai mengalami superhero fatigue keliatan bakal ngebuka suatu assembling yang seharusnya jauh lebih besar lagi
238;elemen gore di film ini menurut kami kelas nya bukan yang ringan buat yang ga terbiasa sama adegan gore kayanya bakal sukses dibikin ga nyaman sebenernya ga yang ngeri-ngeri banget tapi ya beneran bikin ngilu dan linu ngeri-ngeri lucu lah
314;kekuatan terbesar film ini terletak di penulisan naskahnya sang penulis terkesan tidak takut untuk melemparkan sindiran terhadap isu penyalahgunaan agama namun melalui premisnya yang usil ini sang sutradara dan penulis m raihan halim dengan cerdas mengemasnya menjadi
23;openingnya yang brutal nan ikonik bener-bener jangan sampe terlewatkan jangan telat masuk studio saat filmnya tayang ya kami suka bagaimana film ini berhasil bikin tegang dan penasaran sejak menit-menit di awal kerasa banget gak babibu-nya nih film langsung gaspol
13;akhir kata terlepas dari kekurangannya pemukiman setan adalah film horror yg tak hanya bikin ngilu tetapi juga penuh aksi dan sangat menyenangkan untuk diikuti sedikit info ada 1 mid credit scene yang lumayan menarik
522;sama sama dan dengan senang hati pak djagad anda benar benar woh
256;oh ya dan tak lupa sentuhan horror james wan nya juga kental banget berasa ada beberapa momen di film ini yang bikin kaget yap ada sempilan jumpscare dikit-dikit
328;info tambahan filmnya sendiri direct oleh paul king yang sebelumya men-direct film paddington jadi jangan ragu untuk nonton karena paul king sendiri certified banget deh kalau bikin film liburan
170;buat yang belum tau ali topan si anak jalanan adalah judul novel karya sastrawan teguh esha dan pernah difilmkan pada tahun 1977 dengan judul yang sama dan sekarang film ali topan diregenerasi sesuai dengan zaman sekarang dibintangi oleh jefri nichol dan lutesha
469;monster 2023 rating 10
379;ga cuma itu scoring yang dipakai kali ini pun lebih cucok dan pemakaiannya juga lebih pas aja gitu sebagai penunjang adegan-adegan komedi lagunya juga mantap-mantap membuat ajang nostalgia semakin asyik ajang nostalgia ini tentunya juga didukung dengan production design dan
509;di balik beberapa kekurangan tadi menurut kami budi pekerti tetap menjadi film yang menarik isu yang begitu dekat dengan realita bikin film ini sangat mudah untuk direkomendasikan sekaligus pengingat untuk banyak orang
179;baghead bercerita tentang seorang anak yang tiba-tiba mewarisi sebuah pub yang ternyata menyimpan rahasia di basemen bawah tanahnya satu mahkluk yang dapat menjelma menjadi orang yang sudah mati kemudian penonton mulai diberikan petunjuk satu persatu tentang mahkluk ini
428;oh ya dan sesuai judulnya gampang cuan kami juga suka bagaimana cara film ini dalam urusan nyelipin pengetahuan sedikit soal berbagai macam instrumen keuangan-- cara kerja plus minusnya seperti apa dan resiko segala macamnya
88;secara ide jujur film ini cukup menarik menggambarkan gimana kolam renang yg harusnya seru and fun malah dibikin jadi menakutkan
308;la luna 2023 rating allah maha melihat 10
10;setelah nyaris 2 tahun akhirnya release juga ini cd 2 petualangan ean mencari bilah ilahi
40;pada akhirnya kalo kalian emang baca buku-nya ancika dan penasaran pengen nonton adaptasinya seperti apa dan atau emang ngefans sama zee atau arbani kayanya masih bisa asik-asik aja menonton film ini
412;trolls band together 2023 rating mantapantantis 10
206;oke berikut review kami untuk agak laen 2024 wmidreview
540;diluar dari sisi komedy nya yg memang rada over wkwkwk ada sisi lain juga yg bisa kita tangkap gimana seharusnya pasangan suami istri untuk mendengarkan satu sama lain dalam mempertahankan pernikahan rada geregetan sih untung aja dibawakannya sama jung so-min dan kang
399;hal yang paling nyenengin nonton wish ini ngeliat si star gemes dan lucu bangett menampilkan kembali sebuah ikonik maskot dan elemen yang penting talking creatures btw ada yang mau sleep call sama valentino
459;sedangkan mengenai heroine-nya jangan bandingkan lucy gray baird dengan katniss everdeen karena mereka adalah dua karakter yang sangat berbeda dan memiliki peran masing-masing
97;akhir cerita di dune part two memang gantung karena memang epik finalenya sudah dikonfirmasi akan hadir di film dune part three jujur dengan magnitude cerita sebesar ini kita yakin kalau dune part three bakal jauh lebih epik dibandingkan dua film sebelumnya
36;rasanya kaya udah lama banget ya kita ga lihat kisah persahabatan anak sekolah semanis ini di layar lebar dan di awal tahun 2024 ini not friends benar-benar sukses menghadirkan kembali hal tersebut
190;buat yang belum tau pasutri gaje diangkat dari webtoon pasutri gaje karya annisa nisfihani
203;lalu apakah ekspektasi itu terpenuhi secara garis besar iya kami merasa overall quality yang diberikan oleh imajinari di film agak laen sama seperti dua produksi film sebelumnya berkualitas tinggi dan memang dipikirkan serta direncanakan dengan matang tidak jomplang
55;13 bom di jakarta 2024 rating indodax the movie 10
474;monster menggiring kita utk mengambil kesimpulan yg salah-- mengalihkan fokus dengan berbagai macam kejadian-- memaksa kita utk sedikit demi sedikit memilah dan menjahit informasi dr beberapa perspektif-- sampai akhirnya 1 benang merah akan muncul dari arah yg tak terduga
53;melanjutkan keberlangsungan dilan universe secara garis besar ancika dia yang bersamaku 1995 melanjutkan kisah hidup dilan pasca putus dengan milea sesuai judulnya ancika perempuan ini akan menjadi karakter utama yang berperan penting thd kehidupan dilan selanjutnya
334;ya bisa
281;malam para jahanam 2023 rating setan anj 10
436;oke berikut review kami untuk gampang cuan 2023 wmidreview
236;ngomongin horor tentu jumpscare jadi salah satu elemen utama nah film ini punya jumpscare yg hampir semua predictable yang ancang-ancangnya bisa diperkirakan buat kalian yang kagetan tapi ada 1 jumpscare yang paling beda dan ikonik yang kalian harus nonton filmnya wkwkwk
150;somehow cassie ini jadi harus melindungi 3 remaja bernama julia cornwall mattie franklin dan anya coraz n dari ezekiel sims - when you take responsibility you will gain powerful abilities
491;btw siapa sih prince yan dari aladna silakan baca thread spm dulu di bawah ini
235;urusan akting hana malasan purnama dan zara leola kembang berhasil membawakan karakter kakak-adik yang sangat believable chemistry mereka berdua kerasa banget kedekatannya kakak-adik yang saling peduli
465;the hunger games the ballad of songbirds amp snakes adalah prequel dari serial film the hunger games yang diangkat dari novel the ballad of songbirds amp snakes karya suzanne collins terbitan tahun 2020
210;karena tema film ini pada dasarnya adalah odekeke atau wisata keluarga jadi porsi damian becky dll sangat-sangat sedikit sesuai dengan judul filmnya code white di sepanjang film kita bakal disuguhi suasana musim dingin banyak salju dan ornamen natal bajunya anya
519;buat yang hidupnya ga jauh-jauh dari aktivitas ber-social media apa yang coba ditawarkan film budi pekerti jelas begitu dekat dengan realita ntah berapa kali kami dibikin bergumam iya ini indonesia banget di sepanjang durasinya
7;performa jajaran castnya beneran ga kaleng-kaleng sih ryu jun-yeol kim tae-ri jin seon kyu lee hanee sampe abang kim woo bin tampil prima mempamerkan koreografi pertarungan yang sengit banget tapi abang kim woo bin di sini dikit banget t-t haduuuuh pengen lebih banyak
99;yang jadi juara tema agama perang suci bangkitnya lisan al-ghaib alias mahdi sebagai nabi benar-benar jadi cerita sentral yang diamplifikasi dari visual karakter scoring plot pacing sampai detail-detail kecil dalam film propaganda ramalan beneran nyampe ke penontonnya
403;ngomongin visualnya seperti ngeliat cat air di kanvas mirip banget sama storybook-storybook jaman dulu wish mencoba menghadirkan kembali style vibes lawas dengan memadukan animasi 2d dan 3d memang jadi mengingatkan kembali dengan nuansa film disney klasik
344;sedikit selipan intermezzo sambil berbagi insight sejujurnya saat menonton film ini kami sempet kepikiran-- kalo ghibli melakukan retelling kisah dari alice in wonderland sepertinya film inilah yang akan muncul
84;bahkan di awal2 tuh penampakan hantunya ga pake acara ngagetin yg gimana gitu munculnya malah kek maling yg lagi ngendap2 di rumah orang jadi kitanya harus jeli dan waspada yah karena selain emang kebanyakan scene nya malem juga sih yah jadi harus yg bener2 fokus ngeliatin
528;urusan akting dari tiap cast sinematografi pemilihan scoring production design dll bener-bener uwoh berbagai macem key visual untuk meng-highlight era 1960-an dan 2000-an nya digarap dengan sangat baik pas dan ga berasa lebay
246;buat kami migration semacam merupakan a breath from fresh air dari illumination yang mungkin sedikit jenuh dengan franchise minions-nya yang sudah besar itu
395;oke berikut review kami untuk thanksgiving 2023 wmidreview
172;baghead 2024 rating do not cross 10
398;dengan rating semua umur-nya film ini cukup memberi hiburan untuk semua orang-- meski secara plot wish terasa lempeng dan penceritaan tidak terlalu spesial serta terlalu sibuk menghadirkan elemen-elemen untuk selebrasi 100 tahun disney
61;fakta bahwa product placement di film ini digarap semasif itu sangat mengejutkan kami ga nyangka ternyata product placement nya dibikin se-ngaruh itu ke jalan cerita malah lebih layak jadi biopic sendiri alih-alih niat bikin serius malah jadi cringe sendiri
102;dune part two ngasih penontonnya seting cerita yang semakin luas kita diperlihatkan wilayah baru dari planet arrakis tempat sakral dan banyak rahasia-rahasia di dalamnya secara visual udah ga perlu ditanya lagi amat sangat memanjakan mata dari awal sampai akhir
195;ngomongin kekurangan meski punya premis cerita jokes dan chemistry antar karakter yang asik tapi di beberapa momen kami ngerasa menonton film ini seolah sedang menonton parade sketsa komedi dengan durasi yang panjang
57;meski actionnya memang digarap segitu totalnya-- tapi sayang hal tersebut ga dibarengi dengan penyampaian cerita yang nyaman diiikuti yang bikin kita ga terlalu mau peduli juga dengan nasib protagonis maupun antagonisnya rasanya cuma pengen cepet2 filmnya kelar aja
201;meski ga ngikutin podcastnya penonton dijamin bakal tetap merasakan chemistry yang begitu kuat antara bene boris jegel dan oki akting mereka terasa begitu natural luwes dan emang kerasa nyatu sangat khas sumatera utara tapi narasinya tetap masuk untuk dimana saja
391;ni film sejujurnya punya dialog yang cringe akting para pemain yang ya udahlah ya tapi surprisingly tetep asik ngikutin ceritanya bakal kek gimana dan feel whodunnit tebak-tebakan identitas serial killernya cukup seru dari awal sampe akhir
20;pemukiman setan juga menampilkan persona ala superhero layaknya qodrat karakternya mempunyai ajian senjata ilmu untuk melawan villainnya tentu saja ini membuat fightingnya terasa seru dan fun walaupun sayangnya tak sebanyak dan seintense qodrat
